layer,site,transform,normalized_output_error,activation_max_abs,activation_rms,transform_median_ms,affected_layer_median_ms
0,model.layers.0.mlp.down_proj,I,0.25340413366078707,8.9765625,0.007069098016078862,0.0,0.17919999361038208
0,model.layers.0.mlp.down_proj,H32,0.11133651745341586,1.5869140625,0.007069104862509251,0.3063039928674698,0.4546560049057007
0,model.layers.0.mlp.down_proj,H128,0.05725991413314103,0.7939453125,0.007069097657674941,0.3797920048236847,0.5406720042228699
0,model.layers.0.mlp.down_proj,Hfull,0.024932404200760115,0.1497802734375,0.007069096986816271,0.5753600001335144,0.7352319955825806
1,model.layers.1.mlp.down_proj,I,0.004380803969950637,516.5,0.17807270812110068,0.0,0.17715199291706085
1,model.layers.1.mlp.down_proj,H32,0.014819376479489594,91.3125,0.17806474970692776,0.294064000248909,0.4541440010070801
1,model.layers.1.mlp.down_proj,H128,0.014335509643749253,45.6875,0.17807293075257424,0.37857601046562195,0.5396479964256287
1,model.layers.1.mlp.down_proj,Hfull,0.01428956870886897,4.98828125,0.17807273763294948,0.5765119791030884,0.7342079877853394
2,model.layers.2.mlp.down_proj,I,0.4715473117447456,2.107421875,0.012324466788515507,0.0,0.17919999361038208
2,model.layers.2.mlp.down_proj,H32,0.16603796692925016,0.41064453125,0.012324464174033116,0.2949120104312897,0.4556800127029419
2,model.layers.2.mlp.down_proj,H128,0.08710266959346936,0.2169189453125,0.012324466893938174,0.37990400195121765,0.5411840081214905
2,model.layers.2.mlp.down_proj,Hfull,0.04926861132139942,0.0927734375,0.012324466598754708,0.5764639973640442,0.7342079877853394
3,model.layers.3.mlp.down_proj,I,0.462624898686345,2.638671875,0.017336272931349404,0.0,0.17817600071430206
3,model.layers.3.mlp.down_proj,H32,0.11587734902876604,0.488037109375,0.01733627321614285,0.2959359884262085,0.4546560049057007
3,model.layers.3.mlp.down_proj,H128,0.0718611733796958,0.310791015625,0.017336272121936426,0.37990400195121765,0.5396479964256287
3,model.layers.3.mlp.down_proj,Hfull,0.05350730382070308,0.12078857421875,0.017336272061979907,0.5754879713058472,0.7352319955825806
4,model.layers.4.mlp.down_proj,I,0.5231692185786903,3.126953125,0.023837470997072605,0.0,0.17817600071430206
4,model.layers.4.mlp.down_proj,H32,0.12309063659124139,0.58642578125,0.023837469209285436,0.29388800263404846,0.45260798931121826
4,model.layers.4.mlp.down_proj,H128,0.07512295557042172,0.35595703125,0.023837470539224685,0.37887999415397644,0.5396479964256287
4,model.layers.4.mlp.down_proj,Hfull,0.05528673005817349,0.14697265625,0.023837470364806428,0.5744640231132507,0.7331839799880981
5,model.layers.5.mlp.down_proj,I,0.5252422698042263,3.78515625,0.028171447582558597,0.0,0.17715199291706085
5,model.layers.5.mlp.down_proj,H32,0.11805642492971823,0.744140625,0.028171446992217603,0.29388800263404846,0.4505600035190582
5,model.layers.5.mlp.down_proj,H128,0.07432009688948316,0.4140625,0.028171443339482412,0.3758080005645752,0.5375999808311462
5,model.layers.5.mlp.down_proj,Hfull,0.05605313844162817,0.1688232421875,0.028171446291187653,0.5703359842300415,0.7280640006065369
6,model.layers.6.mlp.down_proj,I,0.5025657902769687,3.25,0.03133581497398839,0.0,0.17715199291706085
6,model.layers.6.mlp.down_proj,H32,0.10220448091350812,0.642578125,0.03133581686470296,0.29441599547863007,0.45260798931121826
6,model.layers.6.mlp.down_proj,H128,0.0685766103490798,0.3857421875,0.031335814078386724,0.3768320083618164,0.536575973033905
6,model.layers.6.mlp.down_proj,Hfull,0.05573083582224125,0.189697265625,0.03133581354765979,0.5744160115718842,0.7331839799880981
7,model.layers.7.mlp.down_proj,I,0.46719915633924847,3.92578125,0.03252405049844288,0.0,0.17715199291706085
7,model.layers.7.mlp.down_proj,H32,0.09512388113205006,0.78076171875,0.03252404835721786,0.29286399483680725,0.4546560049057007
7,model.layers.7.mlp.down_proj,H128,0.06822147003638016,0.46142578125,0.03252405088194586,0.37969599664211273,0.5386239886283875
7,model.layers.7.mlp.down_proj,Hfull,0.057702359587095194,0.221435546875,0.03252404711083308,0.5754879713058472,0.7331839799880981
8,model.layers.8.mlp.down_proj,I,0.4633695667561416,3.9609375,0.03426582293367149,0.0,0.17715199291706085
8,model.layers.8.mlp.down_proj,H32,0.09489577660287983,0.76708984375,0.03426582114396021,0.29388800263404846,0.45158401131629944
8,model.layers.8.mlp.down_proj,H128,0.06793889449883131,0.40478515625,0.03426581968792383,0.3763199895620346,0.536575973033905
8,model.layers.8.mlp.down_proj,Hfull,0.058016579983917196,0.215576171875,0.03426582278200105,0.5724160075187683,0.7301120162010193
9,model.layers.9.mlp.down_proj,I,0.4906712392921068,4.125,0.03660798820369126,0.0,0.17817600071430206
9,model.layers.9.mlp.down_proj,H32,0.09839110904350393,0.77978515625,0.036607988487624504,0.29390400648117065,0.45531201362609863
9,model.layers.9.mlp.down_proj,H128,0.07040818743432342,0.454833984375,0.03660798735189149,0.37887999415397644,0.5416960120201111
9,model.layers.9.mlp.down_proj,Hfull,0.05994655235035743,0.2427978515625,0.03660798706795823,0.5731199979782104,0.7332159876823425
10,model.layers.10.mlp.down_proj,I,0.4638461430329964,5.5390625,0.03645923078146663,0.0,0.17817600071430206
10,model.layers.10.mlp.down_proj,H32,0.09404882771847702,0.99267578125,0.03645922986917308,0.3144319951534271,0.45926401019096375
10,model.layers.10.mlp.down_proj,H128,0.06929291839054368,0.50244140625,0.03645922547876007,0.3758400082588196,0.536575973033905
10,model.layers.10.mlp.down_proj,Hfull,0.0595954220848884,0.220458984375,0.03645922929898961,0.5712960064411163,0.7301120162010193
11,model.layers.11.mlp.down_proj,I,0.48048821233187644,9.453125,0.036884516087312,0.0,0.17715199291706085
11,model.layers.11.mlp.down_proj,H32,0.0917003170201001,1.763671875,0.03688451140935586,0.29388800263404846,0.4536319971084595
11,model.layers.11.mlp.down_proj,H128,0.06686293668642178,0.9345703125,0.03688451253657426,0.3761280030012131,0.5375999808311462
11,model.layers.11.mlp.down_proj,Hfull,0.058164509304340924,0.2244873046875,0.03688451394559721,0.5747039914131165,0.7342079877853394
12,model.layers.12.mlp.down_proj,I,0.47511607269360706,4.8984375,0.03818529846794111,0.0,0.17817600071430206
12,model.layers.12.mlp.down_proj,H32,0.10113279917091215,0.93310546875,0.03818529972008361,0.2949120104312897,0.4546560049057007
12,model.layers.12.mlp.down_proj,H128,0.07076763313969937,0.56298828125,0.03818529639918385,0.3787040114402771,0.5375999808311462
12,model.layers.12.mlp.down_proj,Hfull,0.058961107350427956,0.2376708984375,0.03818529639918385,0.5733920037746429,0.7301120162010193
13,model.layers.13.mlp.down_proj,I,0.5360513645254017,4.95703125,0.04207879107214056,0.0,0.17817600071430206
13,model.layers.13.mlp.down_proj,H32,0.10346319499870413,0.95166015625,0.04207879309768935,0.2929919958114624,0.4536319971084595
13,model.layers.13.mlp.down_proj,H128,0.07377482752135153,0.556640625,0.042078790084067945,0.3755199909210205,0.5375999808311462
13,model.layers.13.mlp.down_proj,Hfull,0.061738100678914457,0.2685546875,0.04207878983704979,0.5725440084934235,0.7306240200996399
14,model.layers.14.mlp.down_proj,I,0.5543653600278637,4.40625,0.04588180914005611,0.0,0.17817600071430206
14,model.layers.14.mlp.down_proj,H32,0.12515069380553273,0.87255859375,0.04588180850573433,0.29388800263404846,0.45260798931121826
14,model.layers.14.mlp.down_proj,H128,0.07988801626768828,0.52734375,0.04588180723709075,0.37990400195121765,0.5406720042228699
14,model.layers.14.mlp.down_proj,Hfull,0.06216292809805985,0.27978515625,0.04588180565128623,0.5780960023403168,0.7342079877853394
15,model.layers.15.mlp.down_proj,I,0.5691102381530573,6.7734375,0.0518093280113194,0.0,0.17817600071430206
15,model.layers.15.mlp.down_proj,H32,0.13322210193650236,1.2841796875,0.05180931926408656,0.29388800263404846,0.4536319971084595
15,model.layers.15.mlp.down_proj,H128,0.08223968228449155,0.7177734375,0.05180932744957054,0.37560001015663147,0.536575973033905
15,model.layers.15.mlp.down_proj,Hfull,0.06112181214535689,0.35107421875,0.05180932600507346,0.5724160075187683,0.7290880084037781
16,model.layers.16.mlp.down_proj,I,0.5563659547421654,7.08203125,0.05379311712000923,0.0,0.17817600071430206
16,model.layers.16.mlp.down_proj,H32,0.1443647862965716,1.455078125,0.05379311140052136,0.2929279953241348,0.45158401131629944
16,model.layers.16.mlp.down_proj,H128,0.08500939505402166,0.775390625,0.053793115651492134,0.37836800515651703,0.5356320142745972
16,model.layers.16.mlp.down_proj,Hfull,0.06007215126523448,0.340576171875,0.05379311294632895,0.5703679919242859,0.7290880084037781
17,model.layers.17.mlp.down_proj,I,0.5517078082920789,9.7890625,0.05859229172583573,0.0,0.17817600071430206
17,model.layers.17.mlp.down_proj,H32,0.14140464301702263,1.8193359375,0.058592287964972754,0.2948320060968399,0.4536319971084595
17,model.layers.17.mlp.down_proj,H128,0.08556990043275646,0.95458984375,0.05859228384931111,0.3760160058736801,0.536575973033905
17,model.layers.17.mlp.down_proj,Hfull,0.06059536819865834,0.358642578125,0.0585922885326502,0.5724320113658905,0.7290880084037781
18,model.layers.18.mlp.down_proj,I,0.5335261256618059,8.0390625,0.058467934554222854,0.0,0.17919999361038208
18,model.layers.18.mlp.down_proj,H32,0.14329738048920967,1.5380859375,0.05846793206535171,0.29239998757839203,0.45260798931121826
18,model.layers.18.mlp.down_proj,H128,0.08674135531809242,0.90380859375,0.05846792865204253,0.374783992767334,0.5355520248413086
18,model.layers.18.mlp.down_proj,Hfull,0.060112419495172445,0.362548828125,0.05846792858093192,0.5713919997215271,0.7311360239982605
19,model.layers.19.mlp.down_proj,I,0.5319170201074073,11.7109375,0.06006168134353316,0.0,0.17715199291706085
19,model.layers.19.mlp.down_proj,H32,0.14765030673502877,2.125,0.060061673798152554,0.2947999984025955,0.45260798931121826
19,model.layers.19.mlp.down_proj,H128,0.08674497054987744,1.09765625,0.06006167691321806,0.37785598635673523,0.536575973033905
19,model.layers.19.mlp.down_proj,Hfull,0.058992794332315204,0.384033203125,0.060061678989928306,0.5713919997215271,0.7311360239982605
20,model.layers.20.mlp.down_proj,I,0.5245691913388688,10.21875,0.06120540661593447,0.0,0.17817600071430206
20,model.layers.20.mlp.down_proj,H32,0.14015401450690504,1.935546875,0.06120540865383776,0.29388800263404846,0.45260798931121826
20,model.layers.20.mlp.down_proj,H128,0.08396793403988044,1.0693359375,0.06120540573284301,0.3757759928703308,0.536575973033905
20,model.layers.20.mlp.down_proj,Hfull,0.059401137793267916,0.42431640625,0.061205401792896394,0.5723040103912354,0.7301120162010193
21,model.layers.21.mlp.down_proj,I,0.5112364155117052,13.2578125,0.06783331281861509,0.0,0.17817600071430206
21,model.layers.21.mlp.down_proj,H32,0.13731489949396342,2.46875,0.06783331202180937,0.29284799098968506,0.45158401131629944
21,model.layers.21.mlp.down_proj,H128,0.08233827953768524,1.3017578125,0.06783330662804737,0.37801599502563477,0.5375999808311462
21,model.layers.21.mlp.down_proj,Hfull,0.05900989983164876,0.4609375,0.06783331036690517,0.5713919997215271,0.7306400239467621
22,model.layers.22.mlp.down_proj,I,0.5000033723671599,15.53125,0.0705356481227087,0.0,0.17715199291706085
22,model.layers.22.mlp.down_proj,H32,0.1434456055131713,2.859375,0.0705356382200283,0.29361599683761597,0.45158401131629944
22,model.layers.22.mlp.down_proj,H128,0.08299434680419447,1.50390625,0.07053564352503583,0.374783992767334,0.5355520248413086
22,model.layers.22.mlp.down_proj,Hfull,0.05703931672362924,0.466796875,0.07053564517548254,0.5724160075187683,0.7290880084037781
23,model.layers.23.mlp.down_proj,I,0.4757685724048937,14.515625,0.07075267682029289,0.0,0.17715199291706085
23,model.layers.23.mlp.down_proj,H32,0.1372288632367974,2.74609375,0.07075267100268497,0.29388800263404846,0.45260798931121826
23,model.layers.23.mlp.down_proj,H128,0.08034985810887307,1.494140625,0.07075267352952483,0.3738719969987869,0.536575973033905
23,model.layers.23.mlp.down_proj,Hfull,0.056144119639806395,0.4814453125,0.0707526717666133,0.5714080035686493,0.7321599721908569
24,model.layers.24.mlp.down_proj,I,0.4720132684075756,16.390625,0.07310559694703253,0.0,0.17817600071430206
24,model.layers.24.mlp.down_proj,H32,0.143296132716918,2.984375,0.07310559706077732,0.29316800832748413,0.45260798931121826
24,model.layers.24.mlp.down_proj,H128,0.08348268690082658,1.6005859375,0.07310560320299524,0.3758080005645752,0.5355520248413086
24,model.layers.24.mlp.down_proj,Hfull,0.05685495796318434,0.541015625,0.07310559472900927,0.5725599825382233,0.7290880084037781
25,model.layers.25.mlp.down_proj,I,0.4929379372002639,15.921875,0.07566551858433714,0.0,0.17817600071430206
25,model.layers.25.mlp.down_proj,H32,0.14844025412202028,2.900390625,0.07566551539733685,0.2937920093536377,0.4546560049057007
25,model.layers.25.mlp.down_proj,H128,0.08575037102420369,1.603515625,0.07566552034268205,0.3778879940509796,0.5386239886283875
25,model.layers.25.mlp.down_proj,Hfull,0.05824430420204219,0.54541015625,0.07566551792495778,0.5754079818725586,0.7334240078926086
26,model.layers.26.mlp.down_proj,I,0.48255505789536673,16.71875,0.08066052032291761,0.0,0.17919999361038208
26,model.layers.26.mlp.down_proj,H32,0.1435865764254631,3.068359375,0.08066052372492316,0.29183998703956604,0.45158401131629944
26,model.layers.26.mlp.down_proj,H128,0.08535186485952763,1.6552734375,0.08066052052909976,0.374783992767334,0.5355520248413086
26,model.layers.26.mlp.down_proj,Hfull,0.05970705728166777,0.5654296875,0.08066051908582464,0.5713919997215271,0.7290880084037781
27,model.layers.27.mlp.down_proj,I,0.557017580883396,23.296875,0.09502527286870895,0.0,0.17817600071430206
27,model.layers.27.mlp.down_proj,H32,0.1954720756163433,4.23828125,0.0950252619303286,0.29262399673461914,0.45260798931121826
27,model.layers.27.mlp.down_proj,H128,0.10469774890973711,2.25390625,0.0950252621053427,0.37676800787448883,0.5386239886283875
27,model.layers.27.mlp.down_proj,Hfull,0.06126316359515525,0.61328125,0.09502526744327246,0.5713919997215271,0.7331839799880981
28,model.layers.28.mlp.down_proj,I,0.4456179051620312,19.75,0.10561123736407832,0.0,0.17817600071430206
28,model.layers.28.mlp.down_proj,H32,0.12764573303163157,3.91015625,0.10561123689166381,0.29183998703956604,0.45158401131629944
28,model.layers.28.mlp.down_proj,H128,0.07940572017504526,2.193359375,0.10561122775831622,0.37401600182056427,0.5335040092468262
28,model.layers.28.mlp.down_proj,Hfull,0.05739240524926225,0.7861328125,0.10561123311234767,0.5724160075187683,0.7301120162010193
29,model.layers.29.mlp.down_proj,I,0.4607227933260854,18.296875,0.12810211627846554,0.0,0.17817600071430206
29,model.layers.29.mlp.down_proj,H32,0.1299831746718181,3.36328125,0.1281021083591865,0.2937600016593933,0.45260798931121826
29,model.layers.29.mlp.down_proj,H128,0.07903824005000473,1.9111328125,0.1281021152398716,0.37587200105190277,0.536575973033905
29,model.layers.29.mlp.down_proj,Hfull,0.05728527538533249,0.94140625,0.1281021039451619,0.6164799928665161,0.7311360239982605
30,model.layers.30.mlp.down_proj,I,0.5059692429050144,30.78125,0.1962800923678997,0.0,0.17919999361038208
30,model.layers.30.mlp.down_proj,H32,0.14181955658263648,5.74609375,0.19628007254114066,0.29286399483680725,0.4536319971084595
30,model.layers.30.mlp.down_proj,H128,0.08243479824757184,3.21875,0.19628009541817015,0.37776000797748566,0.5386239886283875
30,model.layers.30.mlp.down_proj,Hfull,0.04808000870178324,1.484375,0.19628007728600627,0.5734400153160095,0.7342079877853394
31,model.layers.31.mlp.down_proj,I,0.24068254814209109,185.25,0.5332752345704177,0.0,0.17817600071430206
31,model.layers.31.mlp.down_proj,H32,0.10202731819949713,33.125,0.5332752081246274,0.2949120104312897,0.4546560049057007
31,model.layers.31.mlp.down_proj,H128,0.06253712130194401,17.65625,0.5332753318709559,0.3763359934091568,0.5375999808311462
31,model.layers.31.mlp.down_proj,Hfull,0.04306658142803617,11.2109375,0.5332752101205361,0.5730240046977997,0.7321599721908569
