policy_id,kind,measurement_id,target_budget_percent,global_transform,realized_predicted_transform_cost_ms,realized_predicted_transform_cost_percent,perplexity,decode_median_ms,decode_median_ms_per_output_token,decode_median_tokens_per_second,assignment_sha256
adaptive-budget-000,adaptive,measurement-00-a32c5be6b195,0,,0.0,0.0,1075.3620508278866,1701.0903586633503,53.1590737082297,18.811463974873348,a32c5be6b195df975f4cee6c708c52c46edcd632feb9a1883ce4f16d6c51245c
adaptive-budget-025,adaptive,measurement-01-b58e2f24a3fc,25,,4.4053119868040085,23.96049802087104,504.055519613454,1810.2785469964147,56.57120459363796,17.676837662962914,b58e2f24a3fc20731712ce91e54842cafe9323c5f4099b1879a3f406382fc669
adaptive-budget-050,adaptive,measurement-02-80c0c450eed4,50,,9.177487954497337,49.91636974384499,220.32834333308273,1930.5252209305763,60.32891315408051,16.57580002222139,80c0c450eed4a8fc6d4563ff1da2000659e63690a049fb7baabd0d8b4cf932f5
adaptive-budget-075,adaptive,measurement-03-fa4f20f3b3e0,75,,13.647503986954689,74.2287931589817,122.6969191203537,2053.2432538457215,64.1638516826788,15.585099300856852,fa4f20f3b3e0838232ce37c3535a6e4c3df36cc2f3b4c0d3ada4b5849d0d512f
adaptive-budget-100,adaptive,measurement-04-2b59f95c5c1b,100,,18.38572797179222,100.0,101.04225822787963,2191.861300729215,68.49566564778797,14.599463930201171,2b59f95c5c1b8548c51f4553d3377d22eb8cbf29422db82a017378886473fd5a
fixed-i,fixed_baseline,measurement-00-a32c5be6b195,,I,0.0,0.0,1075.3620508278866,1701.0903586633503,53.1590737082297,18.811463974873348,a32c5be6b195df975f4cee6c708c52c46edcd632feb9a1883ce4f16d6c51245c
fixed-h32,fixed_baseline,measurement-05-ed110085150b,,H32,9.432063981890678,51.301009110770885,179.97733612971055,1941.881451755762,60.683795367367566,16.47886382099537,ed110085150b83ef23216472d73a973fe220ecf8071dcb22569dd5752327d509
fixed-h128,fixed_baseline,measurement-06-a3d78cd59684,,H128,12.064991995692253,65.62150823836087,123.94665421422918,2009.515294805169,62.797352962661535,15.924238090012912,a3d78cd59684f18eac043bb9fd33b150817d133ccd0d460f2cb469ec2b248a0f
fixed-hfull,fixed_baseline,measurement-04-2b59f95c5c1b,,Hfull,18.38572797179222,100.0,101.04225822787963,2191.861300729215,68.49566564778797,14.599463930201171,2b59f95c5c1b8548c51f4553d3377d22eb8cbf29422db82a017378886473fd5a
